Front,Rear,Linear_vel,X_position,Y_position,Time_Secs,Time_Nanoseconds
-1.45794534683228,-1.45794534683228,1.5,2.50486302375793,0.0115232467651367,2,616666730
-2.8429229259491,-2.8429229259491,1.5,2.51656675338745,0.0115671157836914,2,624444508
-2.50399541854858,-2.50399541854858,1.5,2.53003191947937,0.0116195678710938,2,633333397
-2.21378946304321,-2.21378946304321,1.5,2.53003191947937,0.0116195678710938,2,633333397
-2.21378946304321,-2.21378946304321,1.5,2.54189586639404,0.0116605758666992,2,641111175
-0.545371472835541,-0.545371472835541,1.5,2.55561828613281,0.0117015838623047,2,650000064
5.49542903900146,5.49542903900146,1.5,2.5678117275238,0.0117406845092773,2,657777842
8.08899402618408,8.08899402618408,1.5,2.58159589767456,0.0117979049682617,2,666666731
2.39846873283386,2.39846873283386,1.5,2.59344959259033,0.0118570327758789,2,674444509
-0.367203623056412,-0.367203623056412,1.5,2.60676908493042,0.0119075775146484,2,683333398
-0.890134513378143,-0.890134513378143,1.5,2.61838150024414,0.0119514465332031,2,691111176
-0.832711815834045,-0.832711815834045,1.5,2.63174319267273,0.0120029449462891,2,700000065
-3.85171175003052,-3.85171175003052,1.5,2.6433961391449,0.0120344161987305,2,707777843
-3.27778506278992,-3.27778506278992,1.5,2.65673518180847,0.0120992660522461,2,716666732
3.52855372428894,3.52855372428894,1.5,2.66849207878113,0.0121755599975586,2,724444510
-0.899343192577362,3.52855372428894,1.5,2.66849207878113,0.0121755599975586,2,724444510
-0.899343192577362,-0.899343192577362,1.5,2.68178129196167,0.0122232437133789,2,733333400
4.47793865203857,4.47793865203857,1.5,2.69360303878784,0.0122690200805664,2,741111177
6.97544860839844,6.97544860839844,1.5,2.70711135864258,0.0123529434204102,2,750000067
6.72862148284912,6.72862148284912,1.5,2.71887397766113,0.012394905090332,2,757777845
-1.26258254051208,-1.26258254051208,1.5,2.73238754272461,0.0124168395996094,2,766666734
-4.74752521514893,-4.74752521514893,1.5,2.74416971206665,0.0124540328979492,2,774444512
-2.62949323654175,-2.62949323654175,1.5,2.75754427909851,0.0125551223754883,2,783333401
-1.78749716281891,-1.78749716281891,1.5,2.76915240287781,0.0126733779907227,2,791111179
-7.43623971939087,-7.43623971939087,1.5,2.78239035606384,0.0127677917480469,2,800000068
-4.80897617340088,-4.80897617340088,1.5,2.79386687278748,0.0128059387207031,2,807777846
-0.201525971293449,-0.201525971293449,1.5,2.80678701400757,0.0128898620605469,2,816666735
1.03529930114746,1.03529930114746,1.5,2.81804895401001,0.0129776000976562,2,824444513
-2.73371934890747,-2.73371934890747,1.5,2.83097505569458,0.0130434036254883,2,833333402
7.22166728973389,7.22166728973389,1.5,2.84232831001282,0.013096809387207,2,841111180
1.31383728981018,1.31383728981018,1.5,2.85544800758362,0.0131616592407227,2,850000069
-2.22273302078247,-2.22273302078247,1.5,2.86702013015747,0.0132226943969727,2,857777847
-3.97379732131958,-3.97379732131958,1.5,2.88033533096313,0.0132837295532227,2,866666736
0.600066542625427,0.600066542625427,1.5,2.89223670959473,0.0133638381958008,2,874444514
0.753997802734375,0.753997802734375,1.5,2.90589880943298,0.0134305953979492,2,883333403
-3.08680129051208,-3.08680129051208,1.5,2.91782164573669,0.0135154724121094,2,891111181
3.71503257751465,3.71503257751465,1.5,2.93116617202759,0.0135927200317383,2,900000070
0.311476290225983,0.311476290225983,1.5,2.94285130500793,0.0136518478393555,2,907777848
1.25868105888367,1.25868105888367,1.5,2.95591878890991,0.0136909484863281,2,916666737
2.9078574180603,2.9078574180603,1.5,2.96739196777344,0.0137510299682617,2,924444515
2.89901494979858,2.89901494979858,1.5,2.98050713539124,0.0138254165649414,2,933333404
0.707934975624084,0.707934975624084,1.5,2.99203491210938,0.0138721466064453,2,941111182
-0.311286240816116,-0.311286240816116,1.5,3.0054407119751,0.0139541625976562,2,950000071
0.52362334728241,0.52362334728241,1.5,3.017169713974,0.0140237808227539,2,957777849
2.72163605690002,2.72163605690002,1.5,3.03079104423523,0.0141668319702148,2,966666739
1.33975470066071,1.33975470066071,1.5,3.04269289970398,0.0142431259155273,2,974444516
1.11140954494476,1.11140954494476,1.5,3.05622386932373,0.0143241882324219,2,983333406
-1.02719080448151,-1.02719080448151,1.5,3.06799530982971,0.0143585205078125,2,991111184
-4.52068042755127,-4.52068042755127,1.5,3.08130979537964,0.0144205093383789,3,73
-0.762000143527985,-0.762000143527985,1.5,3.09284949302673,0.0144662857055664,3,7777851
-3.21300840377808,-3.21300840377808,1.5,3.10606217384338,0.0145025253295898,3,16666740
-2.49062752723694,-2.49062752723694,1.5,3.11759090423584,0.0145816802978516,3,24444518
-0.320616185665131,-0.320616185665131,1.5,3.13086175918579,0.0146369934082031,3,33333407
-2.66749238967896,-2.66749238967896,1.5,3.13086175918579,0.0146369934082031,3,33333407
-2.66749238967896,-2.66749238967896,1.5,3.14255666732788,0.0147056579589844,3,41111185
1.66682243347168,1.66682243347168,1.5,3.15582275390625,0.0147590637207031,3,50000074
3.92198634147644,3.92198634147644,1.5,3.16748046875,0.0148124694824219,3,57777852
1.44386553764343,1.44386553764343,1.5,3.18065142631531,0.0148553848266602,3,66666741
1.48882222175598,1.48882222175598,1.5,3.1921079158783,0.0148983001708984,3,74444519
-0.167402982711792,-0.167402982711792,1.5,3.20525860786438,0.0149497985839844,3,83333408
-1.31871998310089,-1.31871998310089,1.5,3.21679878234863,0.0149927139282227,3,91111186
-1.85578858852386,-1.31871998310089,1.5,3.21679878234863,0.0149927139282227,3,91111186
-1.85578858852386,-1.85578858852386,1.5,3.23005819320679,0.0150566101074219,3,100000075
-2.44742751121521,-1.85578858852386,1.5,3.23005819320679,0.0150566101074219,3,100000075
-2.44742751121521,-2.44742751121521,1.5,3.24173283576965,0.0151004791259766,3,107777853
-1.77032208442688,-1.77032208442688,1.5,3.25511837005615,0.0151615142822266,3,116666742
0.35571426153183,0.35571426153183,1.5,3.26687002182007,0.0152244567871094,3,124444520
0.0639433413743973,0.0639433413743973,1.5,3.2802529335022,0.0152502059936523,3,133333409
3.09295463562012,3.09295463562012,1.5,3.29192757606506,0.015294075012207,3,141111187
4.14812088012695,4.14812088012695,1.5,3.30523729324341,0.0153226852416992,3,150000076
3.37221217155457,3.37221217155457,1.5,3.31687211990356,0.0153923034667969,3,157777854
1.77874302864075,1.77874302864075,1.5,3.330237865448,0.0154275894165039,3,166666743
-1.94536995887756,-1.94536995887756,1.5,3.34191226959229,0.0154714584350586,3,174444521
-1.0884598493576,-1.0884598493576,1.5,3.35518288612366,0.0155172348022461,3,183333410
-1.23916399478912,-1.23916399478912,1.5,3.36681294441223,0.0155830383300781,3,191111188
-3.931636095047,-3.931636095047,1.5,3.38004517555237,0.0156373977661133,3,200000077
-0.908375382423401,-0.908375382423401,1.5,3.3915376663208,0.0156927108764648,3,207777855
0.601946592330933,0.601946592330933,1.5,3.40481185913086,0.0157556533813477,3,216666745
-0.427568256855011,-0.427568256855011,1.5,3.41623115539551,0.0157928466796875,3,224444523
1.83219170570374,1.83219170570374,1.5,3.42931175231934,0.0158395767211914,3,233333412
2.82571172714233,2.82571172714233,1.5,3.44086956977844,0.0158748626708984,3,241111190
-0.535176753997803,-0.535176753997803,1.5,3.45410847663879,0.0159130096435547,3,250000079
-0.872653126716614,-0.535176753997803,1.5,3.45410847663879,0.0159130096435547,3,250000079
-0.872653126716614,-0.872653126716614,1.5,3.46573185920715,0.0159330368041992,3,257777857
-0.612178325653076,-0.612178325653076,1.5,3.47913599014282,0.0159988403320312,3,266666746
-0.484653621912003,-0.484653621912003,1.5,3.49080300331116,0.0160417556762695,3,274444524
0.766098916530609,0.766098916530609,1.5,3.50400114059448,0.0160903930664062,3,283333413
1.48427605628967,1.48427605628967,1.5,3.51543402671814,0.016139030456543,3,291111191
2.7694103717804,2.7694103717804,1.5,3.52832269668579,0.0161571502685547,3,300000080
-2.61883449554443,-2.61883449554443,1.5,3.53939366340637,0.016148567199707,3,307777858
-3.11519050598145,-3.11519050598145,1.5,3.55205965042114,0.0161685943603516,3,316666747
0.64560067653656,0.64560067653656,1.5,3.5633180141449,0.0161943435668945,3,324444525
-1.40073752403259,-1.40073752403259,1.5,3.57617878913879,0.0162324905395508,3,333333414
-0.78687709569931,-0.78687709569931,1.5,3.58755016326904,0.0162572860717773,3,341111192
-1.44590473175049,-1.44590473175049,1.5,3.60073852539062,0.0162973403930664,3,350000081
-0.974681377410889,-0.974681377410889,1.5,3.61242175102234,0.0163211822509766,3,357777859
1.79001867771149,1.79001867771149,1.5,3.62585258483887,0.0163650512695312,3,366666748
1.34789896011353,1.34789896011353,1.5,3.63756656646729,0.0163974761962891,3,374444526
-0.0815645679831505,-0.0815645679831505,1.5,3.65090847015381,0.0164260864257812,3,383333415
1.32450819015503,1.32450819015503,1.5,3.66247367858887,0.0164346694946289,3,391111193
-1.95987546443939,-1.95987546443939,1.5,3.6755542755127,0.0164566040039062,3,400000082
-3.56647038459778,-3.56647038459778,1.5,3.68707323074341,0.0164937973022461,3,407777860
1.23673558235168,1.23673558235168,1.5,3.70020341873169,0.0165414810180664,3,416666749
-2.06014657020569,-2.06014657020569,1.5,3.71182918548584,0.0165596008300781,3,424444527
-0.0856239795684814,-0.0856239795684814,1.5,3.72515416145325,0.0165853500366211,3,433333416
0.808677673339844,0.808677673339844,1.5,3.73696970939636,0.0166158676147461,3,441111194
5.26209354400635,5.26209354400635,1.5,3.75043249130249,0.0166463851928711,3,450000084
4.20139503479004,4.20139503479004,1.5,3.76210403442383,0.0166816711425781,3,457777862
2.92354345321655,2.92354345321655,1.5,3.77539229393005,0.0167236328125,3,466666751
2.89622449874878,2.89622449874878,1.5,3.78681802749634,0.016749382019043,3,474444529
-2.89268136024475,-2.89268136024475,1.5,3.80015468597412,0.0167236328125,3,483333418
-2.78430223464966,-2.78430223464966,1.5,3.81187772750854,0.0167570114135742,3,491111196
-1.43497109413147,-1.43497109413147,1.5,3.82527661323547,0.016819953918457,3,500000085
-4.46804141998291,-4.46804141998291,1.5,3.83722114562988,0.0168638229370117,3,507777863
0.71906965970993,0.71906965970993,1.5,3.85087585449219,0.0169143676757812,3,516666752
2.93314552307129,2.93314552307129,1.5,3.86278080940247,0.0169410705566406,3,524444530
-0.813643157482147,-0.813643157482147,1.5,3.87634897232056,0.0169744491577148,3,533333419
0.246424287557602,0.246424287557602,1.5,3.88792133331299,0.0170421600341797,3,541111197
0.467252880334854,0.467252880334854,1.5,3.90117859840393,0.0171022415161133,3,550000086
-1.14323496818542,-1.14323496818542,1.5,3.91269516944885,0.0171566009521484,3,557777864
-2.95617914199829,-2.95617914199829,1.5,3.9259877204895,0.0171918869018555,3,566666753
-3.41261100769043,-3.41261100769043,1.5,3.93776226043701,0.0172290802001953,3,574444531
0.31068342924118,0.31068342924118,1.5,3.93776226043701,0.0172290802001953,3,583333420
0.31068342924118,0.31068342924118,1.5,3.95138931274414,0.0172786712646484,3,583333420
1.37759017944336,0.31068342924118,1.5,3.95138931274414,0.0172786712646484,3,583333420
1.37759017944336,1.37759017944336,1.5,3.96333646774292,0.0173187255859375,3,591111198
1.87651193141937,1.87651193141937,1.5,3.97687578201294,0.0173568725585938,3,600000087
2.14695978164673,2.14695978164673,1.5,3.98858880996704,0.0174312591552734,3,607777865
0.950951397418976,0.950951397418976,1.5,4.00168514251709,0.0174674987792969,3,616666754
1.32053780555725,1.32053780555725,1.5,4.01322364807129,0.0175085067749023,3,624444532
1.21946167945862,1.21946167945862,1.5,4.02647638320923,0.0175542831420898,3,633333421
-1.52983438968658,-1.52983438968658,1.5,4.03815078735352,0.0175905227661133,3,641111199
-2.81388878822327,-2.81388878822327,1.5,4.05153942108154,0.0176267623901367,3,650000088
-3.53291702270508,-3.53291702270508,1.5,4.06325054168701,0.0176801681518555,3,657777866
-2.32159042358398,-2.32159042358398,1.5,4.07672357559204,0.0177326202392578,3,666666755
-4.87745380401611,-4.87745380401611,1.5,4.08838081359863,0.0177602767944336,3,674444533
-0.668380856513977,-0.668380856513977,1.5,4.10170793533325,0.0178155899047852,3,683333423
0.871044278144836,0.871044278144836,1.5,4.11346101760864,0.0178594589233398,3,691111200
4.68823099136353,4.68823099136353,1.5,4.12692880630493,0.0179271697998047,3,700000090
3.23867416381836,3.23867416381836,1.5,4.1387619972229,0.0179758071899414,3,707777868
6.00150108337402,6.00150108337402,1.5,4.15227556228638,0.0180215835571289,3,716666757
-0.855174243450165,-0.855174243450165,1.5,4.16399002075195,0.0180416107177734,3,724444535
-0.788979291915894,-0.788979291915894,1.5,4.1772255897522,0.0181360244750977,3,733333424
-1.58278393745422,-1.58278393745422,1.5,4.18875074386597,0.0181760787963867,3,741111202
-4.85205984115601,-4.85205984115601,1.5,4.20183181762695,0.018218994140625,3,750000091
-4.85521554946899,-4.85521554946899,1.5,4.21320486068726,0.0182476043701172,3,757777869
1.79314827919006,1.79314827919006,1.5,4.22597026824951,0.0182437896728516,3,766666758
3.27440714836121,3.27440714836121,1.5,4.23725318908691,0.0182571411132812,3,774444536
0.0650565773248672,0.0650565773248672,1.5,4.2501277923584,0.0182733535766602,3,783333425
0.891458213329315,0.891458213329315,1.5,4.26167488098145,0.0182876586914062,3,791111203
-2.74823999404907,-2.74823999404907,1.5,4.26167488098145,0.0182876586914062,3,800000092
-2.74823999404907,-2.74823999404907,1.5,4.27485084533691,0.0183124542236328,3,800000092
-1.11235237121582,-1.11235237121582,1.5,4.28653049468994,0.0183238983154297,3,807777870
-2.54529595375061,-2.54529595375061,1.5,4.29993724822998,0.0183401107788086,3,816666759
-1.53101432323456,-1.53101432323456,1.5,4.31174516677856,0.0183744430541992,3,824444537
-2.19111275672913,-2.19111275672913,1.5,4.32519054412842,0.0184192657470703,3,833333426
2.66018295288086,2.66018295288086,1.5,4.33699512481689,0.018427848815918,3,841111204
2.97114491462708,2.97114491462708,1.5,4.35054540634155,0.0184469223022461,3,850000093
1.10654473304749,1.10654473304749,1.5,4.36217498779297,0.0184326171875,3,857777871
-0.436212629079819,-0.436212629079819,1.5,4.37527847290039,0.0184478759765625,3,866666760
-4.20738935470581,-4.20738935470581,1.5,4.38662624359131,0.0184650421142578,3,874444538
0.0302342418581247,0.0302342418581247,1.5,4.39932823181152,0.0184926986694336,3,883333427
4.55332946777344,4.55332946777344,1.5,4.41053819656372,0.0185174942016602,3,891111205
1.88602137565613,1.88602137565613,1.5,4.42336511611938,0.0185375213623047,3,900000094
-3.96637392044067,-3.96637392044067,1.5,4.43451309204102,0.0185747146606445,3,907777872
-0.831097960472107,-0.831097960472107,1.5,4.44732999801636,0.0185976028442383,3,916666762
4.84185028076172,4.84185028076172,1.5,4.4591326713562,0.0185918807983398,3,924444539
5.40013027191162,5.40013027191162,1.5,4.47264242172241,0.0185956954956055,3,933333429
-1.31067669391632,-1.31067669391632,1.5,4.48433256149292,0.0186319351196289,3,941111207
-0.329944133758545,-0.329944133758545,1.5,4.4975118637085,0.0186443328857422,3,950000096
-4.3911280632019,-4.3911280632019,1.5,4.50904750823975,0.0186595916748047,3,957777874
-2.60911059379578,-2.60911059379578,1.5,4.52210903167725,0.0186958312988281,3,966666763
-5.59517955780029,-5.59517955780029,1.5,4.53355550765991,0.0187168121337891,3,974444541
-3.20331120491028,-3.20331120491028,1.5,4.54686260223389,0.0187559127807617,3,983333430
-1.56912016868591,-1.56912016868591,1.5,4.55855560302734,0.0187911987304688,3,991111208
-2.3264012336731,-2.3264012336731,1.5,4.57198762893677,0.0188379287719727,4,97
2.27610063552856,-2.3264012336731,1.5,4.57198762893677,0.0188379287719727,4,97
2.27610063552856,2.27610063552856,1.5,4.58393812179565,0.0188665390014648,4,7777875
3.90438580513,3.90438580513,1.5,4.59736108779907,0.0189189910888672,4,16666764
6.94993448257446,6.94993448257446,1.5,4.60896778106689,0.0189695358276367,4,24444542
4.10428380966187,4.10428380966187,1.5,4.62222337722778,0.0190315246582031,4,33333431
1.21974146366119,1.21974146366119,1.5,4.63382720947266,0.0190916061401367,4,41111209
-1.12341952323914,-1.12341952323914,1.5,4.64733695983887,0.0191307067871094,4,50000098
-2.7700572013855,-2.7700572013855,1.5,4.65936517715454,0.0191621780395508,4,57777876
-0.886607944965363,-0.886607944965363,1.5,4.67315244674683,0.0192155838012695,4,66666765
-1.44507777690887,-1.44507777690887,1.5,4.68516683578491,0.0192527770996094,4,74444543
0.177502274513245,0.177502274513245,1.5,4.69863843917847,0.0192956924438477,4,83333432
4.37293815612793,4.37293815612793,1.5,4.71019077301025,0.019383430480957,4,91111210
3.22137522697449,3.22137522697449,1.5,4.72328948974609,0.0194664001464844,4,100000099
2.14013671875,2.14013671875,1.5,4.73496627807617,0.0195255279541016,4,107777877
3.29504323005676,3.29504323005676,1.5,4.7484016418457,0.0195808410644531,4,116666766
1.12939834594727,1.12939834594727,1.5,4.76028442382812,0.0195989608764648,4,124444544
1.26386892795563,1.26386892795563,1.5,4.77399492263794,0.0196533203125,4,133333433
-5.58929967880249,-5.58929967880249,1.5,4.78599214553833,0.0196952819824219,4,141111211
-2.82413673400879,-2.82413673400879,1.5,4.79949569702148,0.0197687149047852,4,150000100
-3.25589513778687,-3.25589513778687,1.5,4.81120729446411,0.0198287963867188,4,157777878
-5.63526582717896,-5.63526582717896,1.5,4.82448101043701,0.019902229309082,4,166666768
-0.502799153327942,-0.502799153327942,1.5,4.83585357666016,0.019984245300293,4,174444546
-1.1517813205719,-1.1517813205719,1.5,4.84879016876221,0.0200653076171875,4,183333435
0.0123753547668457,0.0123753547668457,1.5,4.8602876663208,0.020111083984375,4,191111213
2.73484373092651,2.73484373092651,1.5,4.87362098693848,0.0201787948608398,4,200000102
2.13648176193237,2.13648176193237,1.5,4.87362098693848,0.0201787948608398,4,207777880
2.13648176193237,2.13648176193237,1.5,4.88536071777344,0.0202293395996094,4,207777880
0.85955274105072,0.85955274105072,1.5,4.89871788024902,0.0202856063842773,4,216666769
-0.686433911323547,-0.686433911323547,1.5,4.91032361984253,0.0203227996826172,4,224444547
-1.31881952285767,-1.31881952285767,1.5,4.92353487014771,0.0203695297241211,4,233333436
-0.840156674385071,-0.840156674385071,1.5,4.9350323677063,0.0204362869262695,4,241111214
-0.836992919445038,-0.836992919445038,1.5,4.94828033447266,0.0204658508300781,4,250000103
-1.03705060482025,-1.03705060482025,1.5,4.95989894866943,0.0205049514770508,4,257777881
0.609048843383789,0.609048843383789,1.5,4.97335243225098,0.0205459594726562,4,266666770
3.17178225517273,3.17178225517273,1.5,4.98520183563232,0.0206022262573242,4,274444548
4.18335247039795,4.18335247039795,1.5,4.99863862991333,0.0206623077392578,4,283333437
4.90664005279541,4.90664005279541,1.5,5.01027727127075,0.0207366943359375,4,291111215
1.68109488487244,1.68109488487244,1.5,5.02340745925903,0.0208196640014648,4,300000104
-1.60792887210846,-1.60792887210846,1.5,5.0347752571106,0.0208930969238281,4,307777882
-0.430568039417267,-0.430568039417267,1.5,5.0479621887207,0.0209646224975586,4,316666771
-0.186398342251778,-0.186398342251778,1.5,5.05941915512085,0.0210056304931641,4,324444549
-2.95046663284302,-2.95046663284302,1.5,5.07268905639648,0.0210580825805664,4,333333438
-2.26771688461304,-2.26771688461304,1.5,5.08437585830688,0.0210981369018555,4,341111216
-2.28037929534912,-2.28037929534912,1.5,5.09776496887207,0.0211420059204102,4,350000105
-4.29272127151489,-4.29272127151489,1.5,5.10944223403931,0.0211858749389648,4,357777883
-1.20696759223938,-1.20696759223938,1.5,5.12284994125366,0.0212316513061523,4,366666772
0.38070422410965,0.38070422410965,1.5,5.13454866409302,0.021275520324707,4,374444550
1.59263801574707,1.59263801574707,1.5,5.1479754447937,0.0213356018066406,4,383333439
3.22356033325195,3.22356033325195,1.5,5.15987253189087,0.0213766098022461,4,391111217
5.02722549438477,5.02722549438477,1.5,5.17345714569092,0.0214290618896484,4,400000107
6.32862567901611,6.32862567901611,1.5,5.18536329269409,0.0215015411376953,4,407777885
4.26133823394775,4.26133823394775,1.5,5.19871044158936,0.0215520858764648,4,416666774
1.36468958854675,1.36468958854675,1.5,5.21018409729004,0.0215969085693359,4,424444552
-5.18545722961426,-5.18545722961426,1.5,5.22326231002808,0.0216341018676758,4,433333441
-9.06572818756104,-9.06572818756104,1.5,5.2346019744873,0.0216569900512695,4,441111219
0.784441590309143,0.784441590309143,1.5,5.24743509292603,0.0217065811157227,4,450000108
2.20939517021179,2.20939517021179,1.5,5.2588324546814,0.021754264831543,4,457777886
1.75855219364166,1.75855219364166,1.5,5.27194595336914,0.0218000411987305,4,466666775
-0.513047814369202,-0.513047814369202,1.5,5.28340196609497,0.0218257904052734,4,474444553
-6.22678327560425,-0.513047814369202,1.5,5.28340196609497,0.0218257904052734,4,474444553
-6.22678327560425,-6.22678327560425,1.5,5.29652643203735,0.021881103515625,4,483333442
-2.23040962219238,-2.23040962219238,1.5,5.30818843841553,0.021942138671875,4,491111220
-3.1884229183197,-3.1884229183197,1.5,5.32163000106812,0.022007942199707,4,500000109
5.24162721633911,5.24162721633911,1.5,5.33377695083618,0.0220613479614258,4,507777887
5.97346544265747,5.97346544265747,1.5,5.34740495681763,0.0221319198608398,4,516666776
-3.50199699401855,-3.50199699401855,1.5,5.35923480987549,0.0221920013427734,4,524444554
-4.22280597686768,-4.22280597686768,1.5,5.37265014648438,0.022242546081543,4,533333443
-3.91472578048706,-3.91472578048706,1.5,5.38427257537842,0.0222988128662109,4,541111221
-0.734738886356354,-0.734738886356354,1.5,5.39756917953491,0.0223836898803711,4,550000110
-2.23528218269348,-2.23528218269348,1.5,5.40922451019287,0.0224580764770508,4,557777888
2.42362546920776,2.42362546920776,1.5,5.42248964309692,0.022517204284668,4,566666777
6.37125587463379,6.37125587463379,1.5,5.43415975570679,0.0225811004638672,4,574444555
8.92950344085693,8.92950344085693,1.5,5.44739246368408,0.0226507186889648,4,583333444
6.79745006561279,6.79745006561279,1.5,5.45894193649292,0.0227241516113281,4,591111222
2.20038819313049,2.20038819313049,1.5,5.47218322753906,0.0228033065795898,4,600000111
0.557955086231232,0.557955086231232,1.5,5.484046459198,0.0228366851806641,4,607777889
-3.49389266967773,-3.49389266967773,1.5,5.49771881103516,0.0228738784790039,4,616666778
-1.2816150188446,-1.2816150188446,1.5,5.50965166091919,0.022918701171875,4,624444556
-2.60530495643616,-2.60530495643616,1.5,5.52327537536621,0.0229644775390625,4,633333446
-3.58070611953735,-3.58070611953735,1.5,5.53517913818359,0.0229959487915039,4,641111223
-2.06273889541626,-2.06273889541626,1.5,5.54858875274658,0.0230474472045898,4,650000113
-5.3701548576355,-5.3701548576355,1.5,5.54858875274658,0.0230474472045898,4,650000113
-5.3701548576355,-5.3701548576355,1.5,5.56028413772583,0.0230913162231445,4,657777891
-4.25125026702881,-4.25125026702881,1.5,5.57348489761353,0.0231571197509766,4,666666780
1.7846097946167,1.7846097946167,1.5,5.58468532562256,0.0232152938842773,4,674444558
5.0818829536438,5.0818829536438,1.5,5.59769153594971,0.0232925415039062,4,683333447
-0.945071041584015,-0.945071041584015,1.5,5.60926961898804,0.0233612060546875,4,691111225
0.615280449390411,0.615280449390411,1.5,5.62264823913574,0.0234384536743164,4,700000114
0.786862134933472,0.786862134933472,1.5,5.6343355178833,0.0235052108764648,4,707777892
-1.10277414321899,-1.10277414321899,1.5,5.64768028259277,0.0235700607299805,4,716666781
-1.99347460269928,-1.99347460269928,1.5,5.65921640396118,0.0236291885375977,4,724444559
-1.74084913730621,-1.74084913730621,1.5,5.67228364944458,0.0236921310424805,4,733333448
-1.221724152565,-1.221724152565,1.5,5.68372678756714,0.0237503051757812,4,741111226
1.32322108745575,1.32322108745575,1.5,5.69674253463745,0.0237932205200195,4,750000115
2.0307469367981,1.32322108745575,1.5,5.69674253463745,0.0237932205200195,4,750000115
2.0307469367981,2.0307469367981,1.5,5.70824766159058,0.0238561630249023,4,757777893
1.33438944816589,1.33438944816589,1.5,5.72159862518311,0.0239391326904297,4,766666782
2.58704876899719,2.58704876899719,1.5,5.73330497741699,0.0240192413330078,4,774444560
2.32088875770569,2.32088875770569,1.5,5.74666166305542,0.0240745544433594,4,783333449
0.671528220176697,0.671528220176697,1.5,5.75840425491333,0.024134635925293,4,791111227
0.962093472480774,0.962093472480774,1.5,5.77166366577148,0.0242090225219727,4,800000116
0.245365932583809,0.245365932583809,1.5,5.78328895568848,0.0242652893066406,4,807777894
-1.20710957050323,-1.20710957050323,1.5,5.79658365249634,0.0243368148803711,4,816666783
-0.15741078555584,-0.15741078555584,1.5,5.80818462371826,0.0244140625,4,824444561
-1.78677582740784,-1.78677582740784,1.5,5.82158136367798,0.0244836807250977,4,833333450
0.0552860721945763,0.0552860721945763,1.5,5.83329486846924,0.0245475769042969,4,841111228
0.181877881288528,0.181877881288528,1.5,5.84665966033936,0.0246438980102539,4,850000117
0.441227674484253,0.441227674484253,1.5,5.8583025932312,0.0247116088867188,4,857777895
-0.562688648700714,-0.562688648700714,1.5,5.87150192260742,0.0247745513916016,4,866666785
-0.281090587377548,-0.281090587377548,1.5,5.88303804397583,0.0248374938964844,4,874444562
-0.715893387794495,-0.715893387794495,1.5,5.89623975753784,0.024928092956543,4,883333452
0.0220729950815439,0.0220729950815439,1.5,5.90782165527344,0.0250043869018555,4,891111230
-1.46487998962402,-1.46487998962402,1.5,5.92120265960693,0.0250768661499023,4,900000119
-1.18048167228699,-1.18048167228699,1.5,5.93301153182983,0.0251235961914062,4,907777897
0.653763175010681,0.653763175010681,1.5,5.94659614562988,0.0252056121826172,4,916666786
2.79395866394043,2.79395866394043,1.5,5.95844793319702,0.0252752304077148,4,924444564
3.934574842453,3.934574842453,1.5,5.97190189361572,0.0254173278808594,4,933333453
-0.297436237335205,-0.297436237335205,1.5,5.98358154296875,0.025486946105957,4,941111231
1.74264109134674,1.74264109134674,1.5,5.99664449691772,0.0255851745605469,4,950000120
0.227253288030624,0.227253288030624,1.5,6.00797414779663,0.0256128311157227,4,957777898
-1.23122143745422,-1.23122143745422,1.5,6.02103424072266,0.0256643295288086,4,966666787
-0.913717091083527,-0.913717091083527,1.5,6.03249740600586,0.02569580078125,4,974444565
-2.49879908561707,-2.49879908561707,1.5,6.04566717147827,0.0257444381713867,4,983333454
-2.34174013137817,-2.34174013137817,1.5,6.05731439590454,0.0257978439331055,4,991111232
-1.62443387508392,-1.62443387508392,1.5,6.0706958770752,0.0258607864379883,5,121
-0.726995468139648,-0.726995468139648,1.5,6.08237838745117,0.0259132385253906,5,7777899
1.24295115470886,1.24295115470886,1.5,6.09574174880981,0.0259866714477539,5,16666788
1.88029515743256,1.88029515743256,1.5,6.10741996765137,0.0260610580444336,5,24444566
1.77357137203217,1.77357137203217,1.5,6.12074995040894,0.0261116027832031,5,33333455
0.645829260349274,0.645829260349274,1.5,6.13244771957397,0.0261716842651367,5,41111233
-1.39590954780579,-1.39590954780579,1.5,6.14578342437744,0.0262336730957031,5,50000122
-2.16530609130859,-2.16530609130859,1.5,6.15747880935669,0.0262861251831055,5,57777900
-2.4901340007782,-2.4901340007782,1.5,6.17086982727051,0.0263605117797852,5,66666789
-3.99389219284058,-3.99389219284058,1.5,6.18251180648804,0.0264129638671875,5,74444567
-0.986475765705109,-0.986475765705109,1.5,6.19585943222046,0.0265083312988281,5,83333456
1.11478209495544,1.11478209495544,1.5,6.20747947692871,0.0265798568725586,5,91111234
-0.0178853571414948,-0.0178853571414948,1.5,6.22063064575195,0.026646614074707,5,100000123
1.35267722606659,1.35267722606659,1.5,6.23194742202759,0.0267162322998047,5,107777901
4.85112857818604,4.85112857818604,1.5,6.24540328979492,0.0268125534057617,5,116666791
4.73915195465088,4.73915195465088,1.5,6.25708103179932,0.0268659591674805,5,124444569
2.37160277366638,2.37160277366638,1.5,6.27084350585938,0.0269317626953125,5,133333458
-0.0543350800871849,-0.0543350800871849,1.5,6.2828540802002,0.0269689559936523,5,141111236
-1.98937451839447,-1.98937451839447,1.5,6.29642295837402,0.0270280838012695,5,150000125
-2.64374160766602,-2.64374160766602,1.5,6.30817747116089,0.0270776748657227,5,157777903
-1.01971566677094,-1.01971566677094,1.5,6.32169103622437,0.0271549224853516,5,166666792
-3.2921142578125,-3.2921142578125,1.5,6.33340787887573,0.0271892547607422,5,174444570
-3.3811092376709,-3.3811092376709,1.5,6.34679985046387,0.0272321701049805,5,183333459
0.122592881321907,0.122592881321907,1.5,6.35867214202881,0.0272750854492188,5,191111237
3.87280225753784,3.87280225753784,1.5,6.37233734130859,0.0273218154907227,5,200000126
8.25814628601074,8.25814628601074,1.5,6.38436460494995,0.0273761749267578,5,207777904
5.40565347671509,5.40565347671509,1.5,6.39795970916748,0.0274457931518555,5,216666793
4.25512027740479,4.25512027740479,1.5,6.40963745117188,0.0274877548217773,5,224444571
-1.59406566619873,-1.59406566619873,1.5,6.42291498184204,0.0275249481201172,5,233333460
-7.84186792373657,-7.84186792373657,1.5,6.43437004089355,0.0275459289550781,5,241111238
-3.31493043899536,-3.31493043899536,1.5,6.44749879837036,0.0276250839233398,5,250000127
-1.53982973098755,-1.53982973098755,1.5,6.45893001556396,0.027684211730957,5,257777905
-3.02265858650208,-3.02265858650208,1.5,6.47201871871948,0.0277252197265625,5,266666794
-3.40148663520813,-3.40148663520813,1.5,6.4835147857666,0.027766227722168,5,274444572
-0.341653168201447,-0.341653168201447,1.5,6.49659585952759,0.0278215408325195,5,283333461
3.36875915527344,3.36875915527344,1.5,6.50785541534424,0.0278816223144531,5,291111239
-0.496484458446503,-0.496484458446503,1.5,6.52084302902222,0.0279474258422852,5,300000128
2.98445272445679,2.98445272445679,1.5,6.53224563598633,0.0280008316040039,5,307777906
-1.37634527683258,-1.37634527683258,1.5,6.54534530639648,0.0280513763427734,5,316666795
-2.88540196418762,-2.88540196418762,1.5,6.55694103240967,0.0280981063842773,5,324444573
-3.61584854125977,-3.61584854125977,1.5,6.5702805519104,0.0281524658203125,5,333333462
-2.0783257484436,-2.0783257484436,1.5,6.58193445205688,0.0282201766967773,5,341111240
-4.48114824295044,-4.48114824295044,1.5,6.59533977508545,0.0282859802246094,5,350000130
-4.23313188552856,-4.23313188552856,1.5,6.60718631744385,0.0283174514770508,5,357777908
-0.891019940376282,-0.891019940376282,1.5,6.62058115005493,0.0283498764038086,5,366666797
3.47650194168091,3.47650194168091,1.5,6.63242721557617,0.0283775329589844,5,374444575
7.75993585586548,7.75993585586548,1.5,6.64569091796875,0.0284223556518555,5,383333464
8.99127006530762,8.99127006530762,1.5,6.65739440917969,0.0284509658813477,5,391111242
7.12860012054443,7.12860012054443,1.5,6.67070865631104,0.028529167175293,5,400000131
2.57551908493042,2.57551908493042,1.5,6.68240690231323,0.0285682678222656,5,407777909
-2.28505086898804,-2.28505086898804,1.5,6.69606876373291,0.0285930633544922,5,416666798
-2.11765074729919,-2.11765074729919,1.5,6.70794773101807,0.0286417007446289,5,424444576
-1.13114976882935,-1.13114976882935,1.5,6.72149753570557,0.0286846160888672,5,433333465
-0.88853520154953,-0.88853520154953,1.5,6.73337173461914,0.0287256240844727,5,441111243
0.396209686994553,0.396209686994553,1.5,6.74687480926514,0.028778076171875,5,450000132
1.51330530643463,1.51330530643463,1.5,6.7586817741394,0.0288362503051758,5,457777910
1.85248601436615,1.85248601436615,1.5,6.77207851409912,0.0289144515991211,5,466666799
-0.436511665582657,-0.436511665582657,1.5,6.78381443023682,0.0289821624755859,5,474444577
0.20401830971241,0.20401830971241,1.5,6.79725551605225,0.0290460586547852,5,483333466
-2.53351163864136,-2.53351163864136,1.5,6.80902290344238,0.0290966033935547,5,491111244
-2.82129716873169,-2.53351163864136,1.5,6.80902290344238,0.0290966033935547,5,491111244
-2.82129716873169,-2.82129716873169,1.5,6.82247495651245,0.0291404724121094,5,500000133
-3.60479235649109,-3.60479235649109,1.5,6.83422660827637,0.0291728973388672,5,507777911
-2.43444919586182,-2.43444919586182,1.5,6.84767627716064,0.0292367935180664,5,516666800
0.202091291546822,0.202091291546822,1.5,6.85920810699463,0.0293216705322266,5,524444578
-5.24872207641602,-5.24872207641602,1.5,6.87238550186157,0.0294065475463867,5,533333467
-1.1131078004837,-1.1131078004837,1.5,6.88407421112061,0.0294733047485352,5,541111245
7.01586008071899,7.01586008071899,1.5,6.89726448059082,0.0295591354370117,5,550000134
5.31814432144165,5.31814432144165,1.5,6.90884685516357,0.0296344757080078,5,557777912
5.69117450714111,5.69117450714111,1.5,6.92197704315186,0.0297164916992188,5,566666801
2.67658424377441,2.67658424377441,1.5,6.93341636657715,0.0297632217407227,5,574444579
-3.40488481521606,-3.40488481521606,1.5,6.94645929336548,0.0298185348510742,5,583333469
-1.1774890422821,-1.1774890422821,1.5,6.95796251296997,0.0298709869384766,5,591111246
-2.2447361946106,-2.2447361946106,1.5,6.97115135192871,0.0299301147460938,5,600000136
-2.53582811355591,-2.53582811355591,1.5,6.98266220092773,0.0299777984619141,5,607777914
-2.01407217979431,-2.01407217979431,1.5,6.99588203430176,0.030034065246582,5,616666803
-0.808522403240204,-0.808522403240204,1.5,7.00752544403076,0.0300931930541992,5,624444581
0.623144567012787,0.623144567012787,1.5,7.02085781097412,0.0301704406738281,5,633333470
1.26004278659821,1.26004278659821,1.5,7.03256988525391,0.0302143096923828,5,641111248
1.16207575798035,1.16207575798035,1.5,7.04594421386719,0.0302820205688477,5,650000137
1.37886130809784,1.37886130809784,1.5,7.0576286315918,0.030339241027832,5,657777915
0.345936626195908,0.345936626195908,1.5,7.070969581604,0.0304012298583984,5,666666804
0.0600244402885437,0.0600244402885437,1.5,7.08263683319092,0.0304756164550781,5,674444582
-1.69048237800598,-1.69048237800598,1.5,7.09591960906982,0.0305538177490234,5,683333471
-0.0834055095911026,-0.0834055095911026,1.5,7.10750675201416,0.0305995941162109,5,691111249
-2.28362655639648,-2.28362655639648,1.5,7.12067604064941,0.0306625366210938,5,700000138
-2.3444390296936,-2.3444390296936,1.5,7.13220357894897,0.0307073593139648,5,707777916
0.124256946146488,0.124256946146488,1.5,7.14517545700073,0.0307703018188477,5,716666805
0.541652858257294,0.541652858257294,1.5,7.15645885467529,0.030817985534668,5,724444583
1.07020831108093,1.07020831108093,1.5,7.16949129104614,0.0308837890625,5,733333472
3.0986635684967,3.0986635684967,1.5,7.18100309371948,0.030940055847168,5,741111250
0.698431074619293,0.698431074619293,1.5,7.19413328170776,0.0309963226318359,5,750000139
-5.54179668426514,-5.54179668426514,1.5,7.20565605163574,0.0310354232788086,5,757777917
0.675571799278259,0.675571799278259,1.5,7.21915817260742,0.0310802459716797,5,766666806
3.01801776885986,3.01801776885986,1.5,7.2311544418335,0.0311260223388672,5,774444584
0.877689242362976,0.877689242362976,1.5,7.24484920501709,0.0311851501464844,5,783333473
1.14965748786926,1.14965748786926,1.5,7.25666999816895,0.0312366485595703,5,791111251
0.993837654590607,1.14965748786926,1.5,7.25666999816895,0.0312366485595703,5,791111251
0.993837654590607,0.993837654590607,1.5,7.2700252532959,0.0313014984130859,5,800000140
0.32948762178421,0.993837654590607,1.5,7.2700252532959,0.0313014984130859,5,800000140
0.32948762178421,0.32948762178421,1.5,7.28158283233643,0.0313644409179688,5,807777918
1.26629543304443,1.26629543304443,1.5,7.29480266571045,0.0314722061157227,5,816666808
-0.670131802558899,-0.670131802558899,1.5,7.30628681182861,0.0315370559692383,5,824444585
0.0790320038795471,0.0790320038795471,1.5,7.3194727897644,0.0316057205200195,5,833333475
0.547712922096252,0.547712922096252,1.5,7.33101844787598,0.0316534042358398,5,841111253
-1.37226867675781,-1.37226867675781,1.5,7.34423065185547,0.0317106246948242,5,850000142
-1.6672397851944,-1.6672397851944,1.5,7.35583972930908,0.0317811965942383,5,857777920
-0.722883880138397,-0.722883880138397,1.5,7.36911678314209,0.0318479537963867,5,866666809
-1.71255135536194,-1.71255135536194,1.5,7.38082695007324,0.0319242477416992,5,874444587
-0.980105876922607,-0.980105876922607,1.5,7.39423370361328,0.0320148468017578,5,883333476
-4.02278423309326,-4.02278423309326,1.5,7.39423370361328,0.0320148468017578,5,883333476
-4.02278423309326,-4.02278423309326,1.5,7.40596961975098,0.0320892333984375,5,891111254
-0.0791837722063065,-0.0791837722063065,1.5,7.41960716247559,0.0321321487426758,5,900000143
2.63684630393982,2.63684630393982,1.5,7.43172168731689,0.0321903228759766,5,907777921
4.04859161376953,4.04859161376953,1.5,7.44548320770264,0.0322713851928711,5,916666810
0.843700706958771,0.843700706958771,1.5,7.45731353759766,0.0323352813720703,5,924444588
-1.10646152496338,-1.10646152496338,1.5,7.47063636779785,0.0324134826660156,5,933333477
-2.38320255279541,-2.38320255279541,1.5,7.48212194442749,0.032465934753418,5,941111255
0.785268664360046,0.785268664360046,1.5,7.49515342712402,0.0325336456298828,5,950000144
0.346165001392365,0.346165001392365,1.5,7.50665283203125,0.0326061248779297,5,957777922
1.49343144893646,0.346165001392365,1.5,7.50665283203125,0.0326061248779297,5,957777922
1.49343144893646,1.49343144893646,1.5,7.51989555358887,0.0326776504516602,5,966666811
1.71842408180237,1.71842408180237,1.5,7.53156232833862,0.0327463150024414,5,974444589
2.00066304206848,2.00066304206848,1.5,7.5449914932251,0.0328245162963867,5,983333478
2.40622448921204,2.40622448921204,1.5,7.55675315856934,0.0328884124755859,5,991111256
0.252364099025726,0.252364099025726,1.5,7.57019805908203,0.032954216003418,6,145
-0.291747510433197,-0.291747510433197,1.5,7.58190298080444,0.033015251159668,6,7777923
-1.12422168254852,-1.12422168254852,1.5,7.59529829025269,0.0330791473388672,6,16666812
-2.85036039352417,-2.85036039352417,1.5,7.60702228546143,0.0331497192382812,6,24444590
-2.4104368686676,-2.4104368686676,1.5,7.60702228546143,0.0331497192382812,6,24444590
-2.4104368686676,-2.4104368686676,1.5,7.62044048309326,0.033228874206543,6,33333479
-3.20940709114075,-3.20940709114075,1.5,7.63216686248779,0.0332841873168945,6,41111257
0.632001578807831,0.632001578807831,1.5,7.64546680450439,0.0333452224731445,6,41111257
0.632001578807831,0.632001578807831,1.5,7.64546680450439,0.0333452224731445,6,50000146
-1.50578331947327,0.632001578807831,1.5,7.64546680450439,0.0333452224731445,6,50000146
-1.50578331947327,-1.50578331947327,1.5,7.65713500976562,0.0333919525146484,6,57777924
-0.0456425920128822,-0.0456425920128822,1.5,7.67032194137573,0.0334453582763672,6,66666814
-0.249408692121506,-0.249408692121506,1.5,7.68170595169067,0.0334930419921875,6,74444592
2.19006419181824,2.19006419181824,1.5,7.69461727142334,0.0335445404052734,6,83333481
2.61169195175171,2.61169195175171,1.5,7.70586013793945,0.0335845947265625,6,91111259
0.0876724123954773,0.0876724123954773,1.5,7.71891736984253,0.0336532592773438,6,100000148
0.695927262306213,0.695927262306213,1.5,7.7305269241333,0.0337085723876953,6,107777926
-0.709348499774933,-0.709348499774933,1.5,7.7438793182373,0.0337762832641602,6,116666815
-0.190770506858826,-0.190770506858826,1.5,7.75560998916626,0.0338382720947266,6,124444593
0.585659384727478,0.585659384727478,1.5,7.76900768280029,0.0339231491088867,6,133333482
1.60759091377258,1.60759091377258,1.5,7.78065776824951,0.0340099334716797,6,141111260
-1.18544554710388,-1.18544554710388,1.5,7.79378938674927,0.0340938568115234,6,150000149
-0.148298054933548,-0.148298054933548,1.5,7.80534505844116,0.0341558456420898,6,157777927
0.108439765870571,0.108439765870571,1.5,7.81846237182617,0.0342025756835938,6,166666816
-0.740545928478241,-0.740545928478241,1.5,7.82999849319458,0.0342588424682617,6,174444594
-1.48390257358551,-1.48390257358551,1.5,7.84327030181885,0.0343160629272461,6,183333483
-1.18781507015228,-1.18781507015228,1.5,7.85493278503418,0.0343780517578125,6,191111261
-0.211678951978683,-0.211678951978683,1.5,7.86831188201904,0.0344448089599609,6,200000150
2.16115164756775,2.16115164756775,1.5,7.88004207611084,0.0345478057861328,6,207777928
-0.557312488555908,-0.557312488555908,1.5,7.89341974258423,0.0346450805664062,6,216666817
3.54845380783081,3.54845380783081,1.5,7.90491199493408,0.0346975326538086,6,224444595
0.604872584342957,0.604872584342957,1.5,7.91793918609619,0.0347309112548828,6,233333484
-2.14929842948914,-2.14929842948914,1.5,7.92923593521118,0.0347757339477539,6,241111262
-1.5374915599823,-1.5374915599823,1.5,7.94227933883667,0.0348329544067383,6,250000151
-0.631584227085114,-0.631584227085114,1.5,7.95372200012207,0.0348682403564453,6,257777929
-1.9280891418457,-1.9280891418457,1.5,7.96694231033325,0.0349111557006836,6,266666818
-0.850176811218262,-0.850176811218262,1.5,7.97855758666992,0.0349674224853516,6,274444596
0.548524379730225,0.548524379730225,1.5,7.9919228553772,0.0350360870361328,6,283333485
0.758557140827179,0.758557140827179,1.5,8.00353240966797,0.035099983215332,6,291111263
0.505394041538239,0.505394041538239,1.5,8.01668453216553,0.0351800918579102,6,300000153
1.85280454158783,1.85280454158783,1.5,8.02816104888916,0.0352497100830078,6,307777931
-0.578738451004028,-0.578738451004028,1.5,8.04115962982178,0.0353050231933594,6,316666820
-1.88110196590424,-1.88110196590424,1.5,8.05250453948975,0.0353307723999023,6,324444598
-4.31883716583252,-4.31883716583252,1.5,8.06553840637207,0.0353822708129883,6,333333487
-0.195327118039131,-0.195327118039131,1.5,8.07723712921143,0.0354290008544922,6,341111265
-2.30977892875671,-2.30977892875671,1.5,8.09069919586182,0.0354757308959961,6,350000154
-1.15838325023651,-1.15838325023651,1.5,8.10260200500488,0.0354995727539062,6,357777932
1.41241049766541,1.41241049766541,1.5,8.11622619628906,0.0355520248413086,6,366666821
2.60905623435974,2.60905623435974,1.5,8.12805652618408,0.0356159210205078,6,374444599
3.59941434860229,3.59941434860229,1.5,8.14131641387939,0.035700798034668,6,383333488
1.07651019096375,1.07651019096375,1.5,8.15294647216797,0.035740852355957,6,391111266
2.80020761489868,2.80020761489868,1.5,8.16611099243164,0.0357999801635742,6,400000155
0.799359202384949,0.799359202384949,1.5,8.17768287658691,0.0358438491821289,6,407777933
-1.63583874702454,-1.63583874702454,1.5,8.19130706787109,0.0359010696411133,6,416666822
1.61897313594818,1.61897313594818,1.5,8.20307540893555,0.0359506607055664,6,424444600
1.94536328315735,1.94536328315735,1.5,8.21678733825684,0.0359945297241211,6,433333489
1.75221693515778,1.75221693515778,1.5,8.22877788543701,0.0360126495361328,6,441111267
-0.334438741207123,-0.334438741207123,1.5,8.24225234985352,0.0360517501831055,6,450000156
1.97732639312744,1.97732639312744,1.5,8.25388717651367,0.036102294921875,6,457777934
0.0065116286277771,0.0065116286277771,1.5,8.2670841217041,0.0361595153808594,6,466666823
-0.386396646499634,-0.386396646499634,1.5,8.27865314483643,0.0362329483032227,6,474444601
-1.11337685585022,-0.386396646499634,1.5,8.27865314483643,0.0362329483032227,6,474444601
-1.11337685585022,-1.11337685585022,1.5,8.29188823699951,0.0363130569458008,6,483333490
-3.66658544540405,-3.66658544540405,1.5,8.30372142791748,0.0363731384277344,6,491111268
1.5709240436554,1.5709240436554,1.5,8.31717491149902,0.0364465713500977,6,500000157
0.133312180638313,0.133312180638313,1.5,8.32896614074707,0.0365095138549805,6,507777935
-3.72430872917175,-3.72430872917175,1.5,8.34236812591553,0.0365619659423828,6,516666824
-0.917144000530243,-3.72430872917175,1.5,8.34236812591553,0.0365619659423828,6,516666824
-0.917144000530243,-0.917144000530243,1.5,8.35392379760742,0.0366554260253906,6,524444602
-2.46332716941833,-2.46332716941833,1.5,8.36697769165039,0.0367536544799805,6,533333492
-2.04732942581177,-2.04732942581177,1.5,8.37840270996094,0.0368194580078125,6,541111270
0.151278495788574,0.151278495788574,1.5,8.39150333404541,0.0368967056274414,6,550000159
-1.85237348079681,-1.85237348079681,1.5,8.40304946899414,0.0369491577148438,6,557777937
-0.989855170249939,-0.989855170249939,1.5,8.41643142700195,0.0370006561279297,6,566666826
-0.187896996736526,-0.187896996736526,1.5,8.42824459075928,0.037074089050293,6,574444604
1.90766489505768,1.90766489505768,1.5,8.44179248809814,0.0371732711791992,6,583333493
0.506535947322845,0.506535947322845,1.5,8.45348644256592,0.0371942520141602,6,591111271
1.11256790161133,1.11256790161133,1.5,8.46683692932129,0.0372419357299805,6,600000160
3.62490224838257,3.62490224838257,1.5,8.47834777832031,0.0372800827026367,6,607777938
1.93512690067291,1.93512690067291,1.5,8.49167537689209,0.0373439788818359,6,616666827
1.60764098167419,1.60764098167419,1.5,8.50334453582764,0.03741455078125,6,624444605
0.575879096984863,0.575879096984863,1.5,8.51681137084961,0.0374650955200195,6,633333494
-0.42635440826416,-0.42635440826416,1.5,8.52863311767578,0.0375146865844727,6,641111272
-1.44582462310791,-1.44582462310791,1.5,8.54204273223877,0.037571907043457,6,650000161
-1.47326266765594,-1.47326266765594,1.5,8.55374813079834,0.0376214981079102,6,657777939
-0.491811275482178,-0.491811275482178,1.5,8.56707191467285,0.0376920700073242,6,666666828
2.11149930953979,2.11149930953979,1.5,8.57877922058105,0.0377445220947266,6,674444606
2.0120792388916,2.0120792388916,1.5,8.5921802520752,0.037785530090332,6,683333495
4.02471399307251,4.02471399307251,1.5,8.60412216186523,0.0378503799438477,6,691111273
5.79629135131836,5.79629135131836,1.5,8.61770629882812,0.0379219055175781,6,700000162
-2.22402620315552,-2.22402620315552,1.5,8.62942504882812,0.0379495620727539,6,707777940
-1.07713627815247,-1.07713627815247,1.5,8.64267349243164,0.0380210876464844,6,716666829
-1.72925353050232,-1.72925353050232,1.5,8.65421485900879,0.0380525588989258,6,724444607
-8.61988639831543,-8.61988639831543,1.5,8.66736793518066,0.0380935668945312,6,733333496
-5.3607029914856,-5.3607029914856,1.5,8.67875099182129,0.0381345748901367,6,741111274
-2.3469569683075,-2.3469569683075,1.5,8.69177341461182,0.0381965637207031,6,750000163
-1.4821560382843,-1.4821560382843,1.5,8.70317459106445,0.0382242202758789,6,757777941
-2.01562857627869,-2.01562857627869,1.5,8.71633720397949,0.0381927490234375,6,766666831
-1.73500561714172,-1.73500561714172,1.5,8.72792434692383,0.0382194519042969,6,774444608
2.89384531974792,2.89384531974792,1.5,8.74156665802002,0.0382986068725586,6,783333498
-0.600713849067688,-0.600713849067688,1.5,8.75346374511719,0.0383119583129883,6,791111276
5.93547391891479,5.93547391891479,1.5,8.76725959777832,0.0383281707763672,6,800000165
3.40179443359375,3.40179443359375,1.5,8.77924346923828,0.0383739471435547,6,807777943
3.07536554336548,3.07536554336548,1.5,8.79280948638916,0.0384483337402344,6,816666832
-0.105397246778011,-0.105397246778011,1.5,8.80466079711914,0.0384855270385742,6,824444610
2.78664541244507,2.78664541244507,1.5,8.81816959381104,0.038548469543457,6,833333499
1.00466179847717,1.00466179847717,1.5,8.82993507385254,0.0386018753051758,6,841111277
0.436443626880646,0.436443626880646,1.5,8.84316635131836,0.0386343002319336,6,850000166
-0.284584075212479,-0.284584075212479,1.5,8.85468292236328,0.0386762619018555,6,857777944
2.061518907547,2.061518907547,1.5,8.86759948730469,0.0387334823608398,6,866666833
3.97999119758606,3.97999119758606,1.5,8.87882518768311,0.0387668609619141,6,874444611
0.0999863147735596,0.0999863147735596,1.5,8.89190673828125,0.0388364791870117,6,883333500
0.615272581577301,0.615272581577301,1.5,8.90352821350098,0.0389003753662109,6,891111278
1.4289755821228,1.4289755821228,1.5,8.91696453094482,0.0389366149902344,6,900000167
-1.69490170478821,-1.69490170478821,1.5,8.92888355255127,0.038975715637207,6,907777945
-2.34112453460693,-2.34112453460693,1.5,8.94249057769775,0.0389938354492188,6,916666834
-5.0697021484375,-5.0697021484375,1.5,8.95441627502441,0.0389976501464844,6,924444612
-4.23379564285278,-4.23379564285278,1.5,8.96793937683105,0.0390090942382812,6,933333501
-4.17836999893188,-4.17836999893188,1.5,8.97961902618408,0.0390434265136719,6,941111279
-5.22298574447632,-5.22298574447632,1.5,8.99289512634277,0.0390739440917969,6,950000168
-2.62763738632202,-2.62763738632202,1.5,9.00445556640625,0.0391321182250977,6,957777946
2.04603242874146,2.04603242874146,1.5,9.01737308502197,0.0391502380371094,6,966666835
7.93262577056885,7.93262577056885,1.5,9.02861499786377,0.0392417907714844,6,974444613
2.75666117668152,2.75666117668152,1.5,9.04151916503906,0.0393342971801758,6,983333502
0.746348679065704,0.746348679065704,1.5,9.05279731750488,0.0393848419189453,6,991111280
-2.505375623703,-2.505375623703,1.5,9.06570720672607,0.0394506454467773,7,170
0.359230935573578,0.359230935573578,1.5,9.07706451416016,0.0395231246948242,7,7777947
0.889927685260773,0.889927685260773,1.5,9.09006690979004,0.0395793914794922,7,16666837
0.506298542022705,0.506298542022705,1.5,9.10155487060547,0.0396432876586914,7,24444615
1.84930765628815,1.84930765628815,1.5,9.11481094360352,0.0397281646728516,7,33333504
1.69263172149658,1.69263172149658,1.5,9.12646675109863,0.0398044586181641,7,41111282
0.0947702899575233,0.0947702899575233,1.5,9.13978004455566,0.0399065017700195,7,50000171
0.208523988723755,0.208523988723755,1.5,9.15126037597656,0.0399684906005859,7,57777949
-5.08756732940674,-5.08756732940674,1.5,9.16426658630371,0.0400352478027344,7,66666838
-2.52387666702271,-2.52387666702271,1.5,9.17569351196289,0.0401029586791992,7,66666838
-2.52387666702271,-2.52387666702271,1.5,9.17569351196289,0.0401029586791992,7,74444616
-1.96831667423248,-1.96831667423248,1.5,9.1888427734375,0.0401620864868164,7,83333505
-0.285593897104263,-0.285593897104263,1.5,9.20044136047363,0.0402412414550781,7,91111283
-3.16428470611572,-3.16428470611572,1.5,9.21364402770996,0.0403203964233398,7,100000172
-3.83864712715149,-3.83864712715149,1.5,9.22525882720947,0.0403652191162109,7,107777950
-1.64271581172943,-1.64271581172943,1.5,9.23873805999756,0.0403995513916016,7,116666839
7.03983449935913,7.03983449935913,1.5,9.25081825256348,0.0404396057128906,7,124444617
4.7753758430481,4.7753758430481,1.5,9.26445960998535,0.0405187606811523,7,133333506
-0.786884427070618,-0.786884427070618,1.5,9.2762336730957,0.0405807495117188,7,141111284
3.06289100646973,3.06289100646973,1.5,9.28916358947754,0.0406312942504883,7,150000173
2.02604150772095,2.02604150772095,1.5,9.30038833618164,0.0406589508056641,7,157777951
-2.08244872093201,-2.08244872093201,1.5,9.31325626373291,0.0406837463378906,7,166666840
-2.16009044647217,-2.16009044647217,1.5,9.32461929321289,0.0407400131225586,7,174444618
-1.99812865257263,-1.99812865257263,1.5,9.33797073364258,0.04083251953125,7,183333507
2.02020120620728,2.02020120620728,1.5,9.34986877441406,0.0408687591552734,7,191111285
1.05299210548401,1.05299210548401,1.5,9.363525390625,0.0408811569213867,7,200000174
4.52822780609131,4.52822780609131,1.5,9.37531471252441,0.0409488677978516,7,207777952
3.43074727058411,3.43074727058411,1.5,9.38879013061523,0.0409927368164062,7,216666841
1.96875512599945,1.96875512599945,1.5,9.4003734588623,0.0410737991333008,7,224444619
-1.54256415367126,-1.54256415367126,1.5,9.4138126373291,0.0411186218261719,7,233333508
-2.57995653152466,-2.57995653152466,1.5,9.42565155029297,0.041168212890625,7,241111286
-1.66694867610931,-1.66694867610931,1.5,9.43922805786133,0.0412349700927734,7,250000176
-1.91414141654968,-1.91414141654968,1.5,9.45121669769287,0.0413017272949219,7,257777954
-2.0968291759491,-2.0968291759491,1.5,9.4648380279541,0.0413455963134766,7,266666843
-1.11873722076416,-1.11873722076416,1.5,9.47659397125244,0.0413942337036133,7,274444621
-0.607952296733856,-0.607952296733856,1.5,9.48989868164062,0.0414438247680664,7,283333510
-0.614049255847931,-0.614049255847931,1.5,9.50139617919922,0.0414772033691406,7,291111288
5.67421102523804,5.67421102523804,1.5,9.51427268981934,0.0415048599243164,7,300000177
4.53283786773682,4.53283786773682,1.5,9.52567291259766,0.041560173034668,7,307777955
-0.797018349170685,-0.797018349170685,1.5,9.53886318206787,0.0416173934936523,7,316666844
-0.725806355476379,-0.725806355476379,1.5,9.55048561096191,0.041661262512207,7,324444622
-2.28774309158325,-2.28774309158325,1.5,9.56377124786377,0.0417051315307617,7,333333511
-2.13277912139893,-2.13277912139893,1.5,9.57534980773926,0.0417594909667969,7,341111289
-1.6456743478775,-1.6456743478775,1.5,9.58857250213623,0.0417919158935547,7,350000178
-2.2768886089325,-2.2768886089325,1.5,9.60004997253418,0.0418682098388672,7,357777956
1.50809419155121,1.50809419155121,1.5,9.61297988891602,0.0419578552246094,7,366666845
3.96249151229858,3.96249151229858,1.5,9.62442207336426,0.042017936706543,7,374444623
-3.6203465461731,-3.6203465461731,1.5,9.63731956481934,0.0420598983764648,7,383333512
-1.07866358757019,-1.07866358757019,1.5,9.64864158630371,0.0421180725097656,7,391111290
-2.50855016708374,-2.50855016708374,1.5,9.6617488861084,0.0421848297119141,7,400000179
-2.26936388015747,-2.26936388015747,1.5,9.67336177825928,0.0422248840332031,7,407777957
-3.44770574569702,-3.44770574569702,1.5,9.6866340637207,0.0422878265380859,7,416666846
-2.23524594306946,-2.23524594306946,1.5,9.69838333129883,0.0423517227172852,7,424444624
-0.130992859601974,-0.130992859601974,1.5,9.71180057525635,0.0424261093139648,7,433333513
4.46338176727295,4.46338176727295,1.5,9.72366619110107,0.0424776077270508,7,441111291
8.88954734802246,8.88954734802246,1.5,9.73713493347168,0.0425519943237305,7,450000180
6.15547943115234,8.88954734802246,1.5,9.73713493347168,0.0425519943237305,7,450000180
6.15547943115234,6.15547943115234,1.5,9.74863910675049,0.0426054000854492,7,457777958
-2.08218622207642,-2.08218622207642,1.5,9.76157188415527,0.0426568984985352,7,466666847
-1.84388518333435,-1.84388518333435,1.5,9.77297782897949,0.0427026748657227,7,474444625
-1.16385436058044,-1.16385436058044,1.5,9.78603172302246,0.0427465438842773,7,483333515
-4.91872596740723,-4.91872596740723,1.5,9.79746246337891,0.0427761077880859,7,491111293
-2.01565217971802,-2.01565217971802,1.5,9.81072807312012,0.0428447723388672,7,500000182
-0.91400146484375,-0.91400146484375,1.5,9.82242584228516,0.042902946472168,7,507777960
0.0760525017976761,0.0760525017976761,1.5,9.83599281311035,0.0429353713989258,7,516666849
2.43227505683899,2.43227505683899,1.5,9.84784889221191,0.0429697036743164,7,524444627
3.90724992752075,3.90724992752075,1.5,9.86148452758789,0.0430135726928711,7,533333516
2.52442860603333,2.52442860603333,1.5,9.87333297729492,0.0430660247802734,7,541111294
3.03885793685913,3.03885793685913,1.5,9.88672828674316,0.0431613922119141,7,550000183
-2.46341991424561,-2.46341991424561,1.5,9.89862823486328,0.0432262420654297,7,557777961
-0.708719849586487,-0.708719849586487,1.5,9.9121789932251,0.0432910919189453,7,566666850
2.42397165298462,2.42397165298462,1.5,9.92408561706543,0.0433320999145508,7,574444628
1.22973155975342,1.22973155975342,1.5,9.93766212463379,0.0433807373046875,7,583333517
1.62290990352631,1.62290990352631,1.5,9.94943237304688,0.0434150695800781,7,591111295
-5.64499855041504,-5.64499855041504,1.5,9.96286678314209,0.0434379577636719,7,600000184
-7.30964136123657,-7.30964136123657,1.5,9.97450637817383,0.0435199737548828,7,607777962
2.72951364517212,2.72951364517212,1.5,9.98731803894043,0.0436124801635742,7,616666851
6.77872180938721,6.77872180938721,1.5,9.99856567382812,0.0436801910400391,7,624444629
2.74789190292358,2.74789190292358,1.5,10.0114288330078,0.0437479019165039,7,633333518
-6.46834945678711,-6.46834945678711,1.5,10.0114288330078,0.0437479019165039,7,633333518
-6.46834945678711,-6.46834945678711,1.5,10.0227069854736,0.0438041687011719,7,641111296
-1.08875584602356,-1.08875584602356,1.5,10.0360746383667,0.0438861846923828,7,650000185
2.77904582023621,2.77904582023621,1.5,10.0478544235229,0.0439414978027344,7,657777963
-2.50488233566284,-2.50488233566284,1.5,10.0613718032837,0.044001579284668,7,666666852
-4.58829784393311,-4.58829784393311,1.5,10.0731906890869,0.0440406799316406,7,674444630
-4.21229076385498,-4.21229076385498,1.5,10.0864915847778,0.0441045761108398,7,683333519
0.312242090702057,0.312242090702057,1.5,10.0979957580566,0.0441713333129883,7,691111297
-2.67068958282471,-2.67068958282471,1.5,10.1111469268799,0.0442209243774414,7,700000186
0.261099815368652,0.261099815368652,1.5,10.1226396560669,0.0442523956298828,7,707777964
4.26460266113281,4.26460266113281,1.5,10.1360530853271,0.0443143844604492,7,716666854
6.99135494232178,6.99135494232178,1.5,10.1478719711304,0.04437255859375,7,724444631
5.98037338256836,5.98037338256836,1.5,10.1613273620605,0.0444135665893555,7,733333521
-2.45194005966187,-2.45194005966187,1.5,10.1729288101196,0.0443820953369141,7,741111299
-1.60667991638184,-1.60667991638184,1.5,10.1859073638916,0.0443944931030273,7,750000188
0.907941699028015,0.907941699028015,1.5,10.197211265564,0.0443973541259766,7,757777966
0.348295509815216,0.348295509815216,1.5,10.2099542617798,0.044438362121582,7,766666855
-2.04711771011353,-2.04711771011353,1.5,10.2211074829102,0.0444698333740234,7,774444633
-4.09467077255249,-4.09467077255249,1.5,10.2341041564941,0.044550895690918,7,783333522
-0.676430284976959,-0.676430284976959,1.5,10.245735168457,0.0446348190307617,7,791111300
5.18639659881592,5.18639659881592,1.5,10.2595272064209,0.0446510314941406,7,800000189
10.2410192489624,10.2410192489624,1.5,10.271466255188,0.044677734375,7,807777967
0.0192045923322439,0.0192045923322439,1.5,10.2850656509399,0.0447273254394531,7,816666856
-3.28159475326538,-3.28159475326538,1.5,10.2968921661377,0.044774055480957,7,824444634
-3.76708173751831,-3.76708173751831,1.5,10.3099555969238,0.0448398590087891,7,833333523
-2.29354429244995,-2.29354429244995,1.5,10.3213176727295,0.044891357421875,7,841111301
-4.49112987518311,-4.49112987518311,1.5,10.3343067169189,0.0449256896972656,7,850000190
-4.3591833114624,-4.49112987518311,1.5,10.3343067169189,0.0449256896972656,7,857777968
-4.3591833114624,-4.3591833114624,1.5,10.3458366394043,0.0449790954589844,7,857777968
0.569778323173523,0.569778323173523,1.5,10.3592567443848,0.0450572967529297,7,866666857
0.396276652812958,0.396276652812958,1.5,10.3711357116699,0.0451269149780273,7,874444635
1.06187558174133,1.06187558174133,1.5,10.3846664428711,0.0451898574829102,7,883333524
1.87818884849548,1.87818884849548,1.5,10.3961982727051,0.0452299118041992,7,891111302
5.77084398269653,5.77084398269653,1.5,10.4092483520508,0.0453023910522461,7,900000191
5.09664916992188,5.09664916992188,1.5,10.4205913543701,0.0453462600708008,7,907777969
-2.76130366325378,-2.76130366325378,1.5,10.4337272644043,0.045318603515625,7,916666858
-3.59003496170044,-3.59003496170044,1.5,10.4454803466797,0.0453729629516602,7,924444636
-0.408325135707855,-0.408325135707855,1.5,10.4588832855225,0.0454435348510742,7,933333525
-3.83738899230957,-3.83738899230957,1.5,10.4707489013672,0.0454912185668945,7,941111303
0.908477663993835,0.908477663993835,1.5,10.4842977523804,0.0455551147460938,7,950000193
0.946001827716827,0.946001827716827,1.5,10.4960403442383,0.0456037521362305,7,957777970
-1.20129811763763,-1.20129811763763,1.5,10.5092849731445,0.0456523895263672,7,966666860
0.651736378669739,0.651736378669739,1.5,10.5205507278442,0.0456857681274414,7,974444638
9.54529094696045,9.54529094696045,1.5,10.533203125,0.0457000732421875,7,983333527
1.2898690700531,1.2898690700531,1.5,10.5442008972168,0.0457029342651367,7,991111305
-2.35715055465698,-2.35715055465698,1.5,10.5567855834961,0.0456943511962891,8,194
-6.39961338043213,-6.39961338043213,1.5,10.5680894851685,0.0457773208618164,8,7777972
-3.65199780464172,-3.65199780464172,1.5,10.5813369750977,0.0458297729492188,8,16666861
1.08520567417145,1.08520567417145,1.5,10.5930595397949,0.0458965301513672,8,24444639
-2.9679582118988,-2.9679582118988,1.5,10.6065645217896,0.04595947265625,8,33333528
-1.82106459140778,-1.82106459140778,1.5,10.6184492111206,0.0460004806518555,8,41111306
3.60636019706726,3.60636019706726,1.5,10.6317625045776,0.0460414886474609,8,50000195
5.86498260498047,5.86498260498047,1.5,10.6432628631592,0.0460796356201172,8,57777973
4.35110092163086,4.35110092163086,1.5,10.6564540863037,0.0461158752441406,8,66666862
0.876987099647522,0.876987099647522,1.5,10.6678791046143,0.0461483001708984,8,74444640
-2.93702507019043,-2.93702507019043,1.5,10.6809930801392,0.0461769104003906,8,83333529
-1.7352819442749,-1.7352819442749,1.5,10.6925344467163,0.046229362487793,8,91111307
-2.51969933509827,-2.51969933509827,1.5,10.7056655883789,0.046269416809082,8,100000196
-1.77521514892578,-1.77521514892578,1.5,10.7170867919922,0.0463027954101562,8,107777974
-2.15756344795227,-2.15756344795227,1.5,10.7301397323608,0.0463371276855469,8,116666863
0.0239316113293171,0.0239316113293171,1.5,10.7415771484375,0.0463495254516602,8,124444641
1.39555931091309,1.39555931091309,1.5,10.7547435760498,0.0463857650756836,8,133333530
1.35632681846619,1.35632681846619,1.5,10.7663354873657,0.046417236328125,8,141111308
0.173890858888626,0.173890858888626,1.5,10.7797203063965,0.0464382171630859,8,150000197
-0.493160545825958,-0.493160545825958,1.5,10.7914962768555,0.0464677810668945,8,157777975
-1.37551522254944,-1.37551522254944,1.5,10.8049688339233,0.0465173721313477,8,166666864
-1.0490095615387,-1.0490095615387,1.5,10.8168106079102,0.0465488433837891,8,174444642
0.818448543548584,0.818448543548584,1.5,10.8302698135376,0.0465812683105469,8,183333531
1.29560208320618,1.29560208320618,1.5,10.8420848846436,0.0465965270996094,8,191111309
-0.0214259270578623,-0.0214259270578623,1.5,10.8554592132568,0.0466413497924805,8,200000199
0.143833547830582,0.143833547830582,1.5,10.8670406341553,0.046656608581543,8,207777977
0.802005887031555,0.802005887031555,1.5,10.8800621032715,0.0466833114624023,8,216666866
0.349901884794235,0.349901884794235,1.5,10.891375541687,0.0466985702514648,8,224444644
0.205205172300339,0.205205172300339,1.5,10.9044065475464,0.046722412109375,8,233333533
3.4355902671814,3.4355902671814,1.5,10.9157867431641,0.0467557907104492,8,241111311
1.20301747322083,1.20301747322083,1.5,10.9289741516113,0.0467605590820312,8,250000200
-2.27302122116089,-2.27302122116089,1.5,10.9406871795654,0.0467901229858398,8,257777978
1.34465026855469,1.34465026855469,1.5,10.9540309906006,0.0468425750732422,8,266666867
3.95801997184753,3.95801997184753,1.5,10.9658393859863,0.0468664169311523,8,274444645
-2.62913060188293,-2.62913060188293,1.5,10.9791326522827,0.0468778610229492,8,283333534
-0.657179713249207,-0.657179713249207,1.5,10.9907875061035,0.046931266784668,8,291111312
-3.70456957817078,-3.70456957817078,1.5,11.003978729248,0.046940803527832,8,300000201
-0.46262726187706,-0.46262726187706,1.5,11.0155763626099,0.0469675064086914,8,307777979
-2.67236924171448,-2.67236924171448,1.5,11.0286521911621,0.0469751358032227,8,316666868
-4.55290937423706,-4.55290937423706,1.5,11.0400943756104,0.0469999313354492,8,324444646
-2.13222360610962,-2.13222360610962,1.5,11.0533332824707,0.0470180511474609,8,333333535
-1.28667807579041,-1.28667807579041,1.5,11.0649337768555,0.0470352172851562,8,341111313
-1.11858606338501,-1.11858606338501,1.5,11.078197479248,0.0470695495605469,8,350000202
-0.167919516563416,-0.167919516563416,1.5,11.0898456573486,0.0470991134643555,8,357777980
1.99970591068268,-0.167919516563416,1.5,11.0898456573486,0.0470991134643555,8,357777980
1.99970591068268,1.99970591068268,1.5,11.1031322479248,0.047119140625,8,366666869
-0.0639687553048134,-0.0639687553048134,1.5,11.1147489547729,0.0471363067626953,8,374444647
4.35108137130737,4.35108137130737,1.5,11.1283111572266,0.0471744537353516,8,383333536
2.85312247276306,2.85312247276306,1.5,11.140323638916,0.0471982955932617,8,391111314
2.03579473495483,2.03579473495483,1.5,11.1540031433105,0.0472316741943359,8,400000203
0.40070652961731,0.40070652961731,1.5,11.1658153533936,0.0472335815429688,8,407777981
0.905614197254181,0.905614197254181,1.5,11.1792602539062,0.0472478866577148,8,416666870
0.533743917942047,0.533743917942047,1.5,11.190842628479,0.0472469329833984,8,424444648
-3.28249478340149,-3.28249478340149,1.5,11.2040042877197,0.0472621917724609,8,433333538
0.400171279907227,0.400171279907227,1.5,11.2155494689941,0.0472841262817383,8,441111316
2.94786286354065,2.94786286354065,1.5,11.2286777496338,0.0472841262817383,8,450000205
-0.820798397064209,-0.820798397064209,1.5,11.2403841018677,0.0472745895385742,8,457777983
1.47408962249756,1.47408962249756,1.5,11.2536468505859,0.0472545623779297,8,466666872
-0.717984557151794,-0.717984557151794,1.5,11.2654838562012,0.0472536087036133,8,474444650
2.03069472312927,2.03069472312927,1.5,11.2789258956909,0.0472888946533203,8,483333539
-0.179898977279663,-0.179898977279663,1.5,11.2908191680908,0.0472993850708008,8,491111317
-2.021080493927,-2.021080493927,1.5,11.304443359375,0.0472946166992188,8,500000206
-2.26036334037781,-2.26036334037781,1.5,11.3162441253662,0.0473260879516602,8,507777984
-0.373219817876816,-0.373219817876816,1.5,11.3295965194702,0.0473270416259766,8,516666873
-1.69786334037781,-1.69786334037781,1.5,11.3412637710571,0.047393798828125,8,524444651
-0.706030607223511,-0.706030607223511,1.5,11.3544902801514,0.0474252700805664,8,533333540
-1.08875131607056,-1.08875131607056,1.5,11.3660373687744,0.0474443435668945,8,541111318
-1.58318150043488,-1.58318150043488,1.5,11.3791694641113,0.0474662780761719,8,550000207
0.732280850410461,0.732280850410461,1.5,11.3905982971191,0.0474834442138672,8,557777985
0.120222590863705,0.120222590863705,1.5,11.4037532806396,0.0475015640258789,8,566666874
1.40856349468231,1.40856349468231,1.5,11.4151821136475,0.0475101470947266,8,574444652
-0.0382964611053467,-0.0382964611053467,1.5,11.4284744262695,0.0475263595581055,8,583333541
1.70750272274017,1.70750272274017,1.5,11.4400959014893,0.0475540161132812,8,591111319
1.63834500312805,1.63834500312805,1.5,11.453558921814,0.0475912094116211,8,600000208
-1.24468660354614,-1.24468660354614,1.5,11.465461730957,0.0476264953613281,8,607777986
0.181568875908852,0.181568875908852,1.5,11.4789180755615,0.0476512908935547,8,616666875
0.787225306034088,0.787225306034088,1.5,11.4906063079834,0.0476741790771484,8,624444653
-1.828688621521,-1.828688621521,1.5,11.5038967132568,0.0476903915405273,8,633333542
-1.20686519145966,-1.20686519145966,1.5,11.515453338623,0.0477066040039062,8,641111320
-0.928195357322693,-0.928195357322693,1.5,11.5287437438965,0.047724723815918,8,650000209
0.379369169473648,0.379369169473648,1.5,11.5403480529785,0.0477504730224609,8,657777987
0.216884657740593,0.216884657740593,1.5,11.5537347793579,0.0477695465087891,8,666666877
1.10376608371735,1.10376608371735,1.5,11.5654373168945,0.0477809906005859,8,674444654
1.28129994869232,1.28129994869232,1.5,11.5788297653198,0.0478048324584961,8,683333544
2.0812680721283,2.0812680721283,1.5,11.5905513763428,0.0478200912475586,8,691111322
-0.357924818992615,-0.357924818992615,1.5,11.6039009094238,0.0478439331054688,8,700000211
0.441644012928009,0.441644012928009,1.5,11.6155204772949,0.0478630065917969,8,707777989
-2.338134765625,-2.338134765625,1.5,11.6287775039673,0.0478925704956055,8,716666878
-1.59739518165588,-1.59739518165588,1.5,11.6405181884766,0.0479135513305664,8,724444656
-1.7346168756485,-1.7346168756485,1.5,11.653881072998,0.0479307174682617,8,733333545
-3.88889193534851,-3.88889193534851,1.5,11.6656169891357,0.0479555130004883,8,741111323
-0.209452942013741,-0.209452942013741,1.5,11.6791973114014,0.047978401184082,8,750000212
2.03354096412659,2.03354096412659,1.5,11.6911010742188,0.048004150390625,8,757777990
2.70556688308716,2.70556688308716,1.5,11.7046222686768,0.0480222702026367,8,766666879
4.10656690597534,4.10656690597534,1.5,11.7163486480713,0.0480337142944336,8,774444657
1.24890625476837,1.24890625476837,1.5,11.7295703887939,0.0480451583862305,8,783333546
0.0897200033068657,0.0897200033068657,1.5,11.7411079406738,0.0480642318725586,8,791111324
0.593184649944305,0.593184649944305,1.5,11.7543363571167,0.048090934753418,8,800000213
-1.84831261634827,-1.84831261634827,1.5,11.7659778594971,0.048095703125,8,807777991
-2.23965954780579,-2.23965954780579,1.5,11.7792663574219,0.0481147766113281,8,816666880
-0.559726476669312,-0.559726476669312,1.5,11.7909297943115,0.048130989074707,8,824444658
0.426238358020782,0.426238358020782,1.5,11.8043079376221,0.0481634140014648,8,833333547
1.94065701961517,1.94065701961517,1.5,11.8159446716309,0.0481939315795898,8,841111325
1.91490173339844,1.91490173339844,1.5,11.8291130065918,0.0481882095336914,8,850000214
-0.894379794597626,-0.894379794597626,1.5,11.8405818939209,0.0482034683227539,8,857777992
0.599069476127625,0.599069476127625,1.5,11.8537750244141,0.0482244491577148,8,866666881
-0.678552269935608,-0.678552269935608,1.5,11.8653450012207,0.0482473373413086,8,874444659
-2.37332367897034,-2.37332367897034,1.5,11.8786640167236,0.0482587814331055,8,883333548
-3.06001853942871,-3.06001853942871,1.5,11.8903579711914,0.0482778549194336,8,891111326
-1.06882262229919,-1.06882262229919,1.5,11.903751373291,0.0482997894287109,8,900000216
-1.43331146240234,-1.43331146240234,1.5,11.9154996871948,0.0483169555664062,8,907777993
-1.35422170162201,-1.35422170162201,1.5,11.9288330078125,0.0483522415161133,8,916666883
-0.41854453086853,-0.41854453086853,1.5,11.9403095245361,0.048365592956543,8,924444661
0.59006667137146,0.59006667137146,1.5,11.9533214569092,0.0483942031860352,8,933333550
-0.0371006056666374,-0.0371006056666374,1.5,11.9647769927979,0.0484142303466797,8,941111328
2.06382203102112,2.06382203102112,1.5,11.9778461456299,0.0484561920166016,8,950000217
-2.13396501541138,-2.13396501541138,1.5,11.9892730712891,0.0484819412231445,8,957777995
-3.13079786300659,-3.13079786300659,1.5,12.0024061203003,0.048497200012207,8,966666884
-1.67180860042572,-1.67180860042572,1.5,12.0141353607178,0.0485143661499023,8,974444662
-0.736026883125305,-0.736026883125305,1.5,12.0277919769287,0.0485267639160156,8,983333551
1.52079272270203,1.52079272270203,1.5,12.0398664474487,0.0485496520996094,8,991111329
3.17874884605408,3.17874884605408,1.5,12.0535860061646,0.0485754013061523,9,218
4.36484384536743,4.36484384536743,1.5,12.0654373168945,0.0485954284667969,9,7777996
4.04740285873413,4.04740285873413,1.5,12.0654373168945,0.0485954284667969,9,7777996
4.04740285873413,4.04740285873413,1.5,12.0788497924805,0.0486288070678711,9,16666885
2.45456886291504,2.45456886291504,1.5,12.0906448364258,0.0485935211181641,9,24444663
0.0865941196680069,0.0865941196680069,1.5,12.104154586792,0.0486240386962891,9,33333552
2.39774227142334,0.0865941196680069,1.5,12.104154586792,0.0486240386962891,9,33333552
2.39774227142334,2.39774227142334,1.5,12.1160049438477,0.0486669540405273,9,41111330
-0.275149494409561,-0.275149494409561,1.5,12.1295051574707,0.0487146377563477,9,50000219
-2.02695846557617,-2.02695846557617,1.5,12.1412601470947,0.0487518310546875,9,57777997
-1.22264552116394,-1.22264552116394,1.5,12.1545715332031,0.0487871170043945,9,66666886
-1.96052992343903,-1.96052992343903,1.5,12.1660766601562,0.0488004684448242,9,74444664
-1.99593794345856,-1.99593794345856,1.5,12.1792621612549,0.0488290786743164,9,83333553
-1.32799291610718,-1.32799291610718,1.5,12.1908445358276,0.0488653182983398,9,91111331
-0.949286758899689,-0.949286758899689,1.5,12.2042560577393,0.0489130020141602,9,100000220
-2.16471266746521,-2.16471266746521,1.5,12.2160129547119,0.0489482879638672,9,107777998
-1.40688872337341,-1.40688872337341,1.5,12.2296590805054,0.0489902496337891,9,116666887
3.37832570075989,3.37832570075989,1.5,12.2416362762451,0.0490179061889648,9,124444665
4.27405405044556,4.27405405044556,1.5,12.2551555633545,0.0490627288818359,9,133333554
-0.558510899543762,-0.558510899543762,1.5,12.2668762207031,0.049102783203125,9,141111332
-4.48492383956909,-4.48492383956909,1.5,12.2801322937012,0.0491552352905273,9,150000222
-3.45874857902527,-3.45874857902527,1.5,12.2915916442871,0.0491905212402344,9,157778000
-2.01449680328369,-2.01449680328369,1.5,12.3044147491455,0.0492391586303711,9,166666889
2.44485020637512,2.44485020637512,1.5,12.3156089782715,0.0492696762084961,9,174444667
1.84995234012604,1.84995234012604,1.5,12.3286619186401,0.0492982864379883,9,183333556
2.00581479072571,2.00581479072571,1.5,12.3402080535889,0.0493249893188477,9,191111334
2.4096691608429,2.4096691608429,1.5,12.3534212112427,0.0493545532226562,9,200000223
-0.356264054775238,-0.356264054775238,1.5,12.3648357391357,0.0493755340576172,9,207778001
-1.31026244163513,-1.31026244163513,1.5,12.3779163360596,0.049407958984375,9,216666890
0.874527454376221,0.874527454376221,1.5,12.3896026611328,0.0494146347045898,9,224444668
-1.48500740528107,0.874527454376221,1.5,12.3896026611328,0.0494146347045898,9,224444668
-1.48500740528107,-1.48500740528107,1.5,12.4028997421265,0.0494422912597656,9,233333557
-1.23735499382019,-1.23735499382019,1.5,12.4145841598511,0.0494699478149414,9,241111335
-1.63442385196686,-1.63442385196686,1.5,12.4281234741211,0.0494937896728516,9,250000224
-1.15770590305328,-1.15770590305328,1.5,12.439998626709,0.0495119094848633,9,257778002
0.130899727344513,0.130899727344513,1.5,12.4536018371582,0.0495185852050781,9,266666891
1.79610669612885,1.79610669612885,1.5,12.4655151367188,0.0495500564575195,9,274444669
-2.80866312980652,-2.80866312980652,1.5,12.479022026062,0.0495719909667969,9,283333558
-2.56416153907776,-2.56416153907776,1.5,12.4906320571899,0.0496358871459961,9,291111336
2.58776950836182,2.58776950836182,1.5,12.5036067962646,0.0496559143066406,9,300000225
3.31170892715454,3.31170892715454,1.5,12.5149059295654,0.0496711730957031,9,307778003
1.36293053627014,3.31170892715454,1.5,12.5149059295654,0.0496711730957031,9,307778003
1.36293053627014,1.36293053627014,1.5,12.5279674530029,0.049708366394043,9,316666892
-1.440181016922,-1.440181016922,1.5,12.5395355224609,0.0497331619262695,9,324444670
-0.0722188726067543,-0.0722188726067543,1.5,12.5529003143311,0.0497655868530273,9,333333559
-1.32037925720215,-1.32037925720215,1.5,12.5646381378174,0.0497865676879883,9,341111337
-1.30238199234009,-1.30238199234009,1.5,12.5780467987061,0.0498151779174805,9,350000226
-0.922333598136902,-0.922333598136902,1.5,12.589729309082,0.049839973449707,9,357778004
0.0447741001844406,0.0447741001844406,1.5,12.6030941009521,0.0498647689819336,9,366666893
1.09387648105621,1.09387648105621,1.5,12.6147632598877,0.0498838424682617,9,374444671
-2.18590211868286,-2.18590211868286,1.5,12.6282329559326,0.0498933792114258,9,383333561
-0.854093849658966,-0.854093849658966,1.5,12.6401071548462,0.0499229431152344,9,391111339
0.632484316825867,0.632484316825867,1.5,12.6537666320801,0.0499477386474609,9,400000228
0.468632161617279,0.468632161617279,1.5,12.6657676696777,0.0499763488769531,9,407778006
0.221237689256668,0.221237689256668,1.5,12.6793565750122,0.0500278472900391,9,416666895
0.100767895579338,0.100767895579338,1.5,12.6910514831543,0.0500631332397461,9,424444673
-0.0617124810814857,-0.0617124810814857,1.5,12.7043571472168,0.0500783920288086,9,433333562
0.772585988044739,0.772585988044739,1.5,12.7158756256104,0.0501012802124023,9,441111340
1.7837221622467,1.7837221622467,1.5,12.7289915084839,0.0501422882080078,9,450000229
-0.548608660697937,-0.548608660697937,1.5,12.7406978607178,0.0501556396484375,9,457778007
-1.73802542686462,-1.73802542686462,1.5,12.753885269165,0.0501823425292969,9,466666896
0.14703743159771,0.14703743159771,1.5,12.7657070159912,0.0501956939697266,9,474444674
1.93039870262146,1.93039870262146,1.5,12.7793445587158,0.0502185821533203,9,483333563
1.99627041816711,1.99627041816711,1.5,12.7912883758545,0.0502338409423828,9,491111341
1.64507830142975,1.64507830142975,1.5,12.8048048019409,0.050257682800293,9,500000230
1.78943347930908,1.78943347930908,1.5,12.8164844512939,0.0502767562866211,9,507778008
0.53075498342514,0.53075498342514,1.5,12.8297262191772,0.0503063201904297,9,516666897
-1.0328049659729,-1.0328049659729,1.5,12.841251373291,0.0503339767456055,9,524444675
-2.4951024055481,-2.4951024055481,1.5,12.8544025421143,0.0503578186035156,9,533333564
0.359812080860138,0.359812080860138,1.5,12.8659801483154,0.0504016876220703,9,541111342
-3.13107919692993,-3.13107919692993,1.5,12.8790950775146,0.0504474639892578,9,550000231
-6.037522315979,-6.037522315979,1.5,12.8904685974121,0.050480842590332,9,557778009
-3.88496255874634,-3.88496255874634,1.5,12.9035015106201,0.0505189895629883,9,566666898
-0.632316589355469,-0.632316589355469,1.5,12.915078163147,0.0505561828613281,9,574444676
3.65222215652466,3.65222215652466,1.5,12.9283056259155,0.0505876541137695,9,583333565
1.61166453361511,1.61166453361511,1.5,12.9398994445801,0.0506267547607422,9,591111343
0.759817719459534,0.759817719459534,1.5,12.9532070159912,0.0506591796875,9,600000232
0.0677301362156868,0.0677301362156868,1.5,12.9648761749268,0.0506906509399414,9,607778010
-0.649666607379913,-0.649666607379913,1.5,12.9782333374023,0.050724983215332,9,616666900
-1.5443799495697,-1.5443799495697,1.5,12.9898910522461,0.0507535934448242,9,624444677
